Address,Total Transactions,Average Gas,Average ETH,First Transaction
0x85304235aAccD484661601bf4D6B764A9122fcDB,63,64928.06451612903,0.0024682807002058384,2023-09-07
